INSERT INTO tb_medicamento(idmed, idanvisa, indicacao, nome, urlimagem) VALUES(1,81807850002,'Relaxante muscular','Dorflex Icy Hot Adesivo','encurtador.com.br/aADG6');
INSERT INTO tb_medicamento(idmed, idanvisa, indicacao, nome, urlimagem) VALUES(2,170560048,'Antitrombitico','Xarelto','encurtador.com.br/GLV18');
INSERT INTO tb_medicamento(idmed, idanvisa, indicacao, nome, urlimagem) VALUES(3,117660032,'Obesidade','Saxenda','encurtador.com.br/cFT69');
INSERT INTO tb_medicamento(idmed, idanvisa, indicacao, nome, urlimagem) VALUES(4,178170028,'Vitamina D','Addera D3','encurtador.com.br/AFPTU');
INSERT INTO tb_medicamento(idmed, idanvisa, indicacao, nome, urlimagem) VALUES(5,113001023,'Hipotireoidismo','Puran T4','encurtador.com.br/INQ34');
INSERT INTO tb_medicamento(idmed, idanvisa, indicacao, nome, urlimagem) VALUES(6,155840127,'Congestão nasal','Neosoro','encurtador.com.br/bqs13');
INSERT INTO tb_medicamento(idmed, idanvisa, indicacao, nome, urlimagem) VALUES(7,106390231,'Analgésico','Neosaldina','encurtador.com.br/bjrF5');
INSERT INTO tb_medicamento(idmed, idanvisa, indicacao, nome, urlimagem) VALUES(8,101180129,'Relaxante muscular','Miosan','encurtador.com.br/bjpx2');
INSERT INTO tb_medicamento(idmed, idanvisa, indicacao, nome, urlimagem) VALUES(9,1781708130115,'Relaxante muscular','Mioflex','encurtador.com.br/mtGJP');
INSERT INTO tb_medicamento(idmed, idanvisa, indicacao, nome, urlimagem) VALUES(10,173900007,'Congestão nasal','Naldecon','encurtador.com.br/cmFP2');
INSERT INTO tb_medicamento(idmed, idanvisa, indicacao, nome, urlimagem) VALUES(11,1068901350052,'Congestão nasal','Resfenol','encurtador.com.br/orwS5');
INSERT INTO tb_medicamento(idmed, idanvisa, indicacao, nome, urlimagem) VALUES(12,1057300500024,'Congestão nasal','Sorine','encurtador.com.br/acACQ');
INSERT INTO tb_medicamento(idmed, idanvisa, indicacao, nome, urlimagem) VALUES(13,1096300490011,'Analgésico','Paracetamol','encurtador.com.br/apqvx');
INSERT INTO tb_medicamento(idmed, idanvisa, indicacao, nome, urlimagem) VALUES(14,113000058,'Analgésico','Novalgina','encurtador.com.br/vLMPT');
INSERT INTO tb_medicamento(idmed, idanvisa, indicacao, nome, urlimagem) VALUES(15,1256801610031,'Analgésico','Ibuprofeno','encurtador.com.br/eoKY8');
INSERT INTO usuario(id, alergias, birth, email, estado, genero, nome, password, username)	VALUES (1, 'Pó', '25-01-2001', 'Joel@gmail.com', 'SP', 'M', 'Joel', '123', 'Joel');
INSERT INTO tb_rating_medicamento(idmed_2_pk, rating, idmednota, idmed, user_id)	VALUES (1, 5, 15, 15, 1);
INSERT INTO tb_rating_medicamento(idmed_2_pk, rating, idmednota, idmed, user_id)	VALUES (2, 4, 15, 15, 1);
INSERT INTO tb_rating_medicamento(idmed_2_pk, rating, idmednota, idmed, user_id)	VALUES (3, 4, 13, 13, 1);
INSERT INTO tb_rating_medicamento(idmed_2_pk, rating, idmednota, idmed, user_id)	VALUES (4, 3, 12, 12, 1);
INSERT INTO tb_rating_medicamento(idmed_2_pk, rating, idmednota, idmed, user_id)	VALUES (5, 4, 11, 11, 1);
INSERT INTO tb_rating_medicamento(idmed_2_pk, rating, idmednota, idmed, user_id)	VALUES (6, 2, 10, 10, 1);
INSERT INTO tb_rating_medicamento(idmed_2_pk, rating, idmednota, idmed, user_id)	VALUES (7, 1, 9, 9, 1);
INSERT INTO tb_rating_medicamento(idmed_2_pk, rating, idmednota, idmed, user_id)	VALUES (8, 4, 8, 8, 1);
INSERT INTO tb_rating_medicamento(idmed_2_pk, rating, idmednota, idmed, user_id)	VALUES (9, 5, 7, 7, 1);
INSERT INTO tb_rating_medicamento(idmed_2_pk, rating, idmednota, idmed, user_id)	VALUES (10, 5, 6, 6, 1);
INSERT INTO tb_rating_medicamento(idmed_2_pk, rating, idmednota, idmed, user_id)	VALUES (11, 5, 5, 5, 1);
INSERT INTO tb_rating_medicamento(idmed_2_pk, rating, idmednota, idmed, user_id)	VALUES (12, 5, 4, 4, 1);
INSERT INTO tb_rating_medicamento(idmed_2_pk, rating, idmednota, idmed, user_id)	VALUES (13, 5, 3, 3, 1);
INSERT INTO tb_rating_medicamento(idmed_2_pk, rating, idmednota, idmed, user_id)	VALUES (14, 5,2, 2, 1);
INSERT INTO tb_rating_medicamento(idmed_2_pk, rating, idmednota, idmed, user_id)	VALUES (15, 5,1, 1, 1);
INSERT INTO farmacia(idfarm, descricao, estado, localizacao)	VALUES (1,'Farma Ponte', 'SP', 'Paulo Emanuel de Almeida, 628 - Wanel Ville, Sorocaba');
INSERT INTO farmacia(idfarm, descricao, estado, localizacao)	VALUES (2,'Farmacia Santa Terezinha', 'SP', 'Av. Dr. Américo Figueiredo, 3666 - Júlio de Mesquita Filho, Sorocaba');
INSERT INTO farmacia(idfarm, descricao, estado, localizacao)	VALUES (3,'Farmacia Santa Catarina', 'SC', 'Av. João Sacavem, 85 - Centro, Navegantes');
INSERT INTO farmacia(idfarm, descricao, estado, localizacao)	VALUES (4,'Farmacia Stylo Farma', 'SC', 'Av. Cel. Severiano Maia, 952 - Vila Buenos Aires, Mafra');
INSERT INTO farmacia(idfarm, descricao, estado, localizacao)	VALUES (5,'Drogaria Amazonas', 'AM', 'Benjamin, 642 - 826, Tefé');
INSERT INTO farmacia(idfarm, descricao, estado, localizacao)	VALUES (6,'Bemol Farma', 'AM', 'Torquato Tapajós, 8253 - Tarumã');
INSERT INTO farmacia(idfarm, descricao, estado, localizacao)	VALUES (7,'Drogaria Salvador', 'BA', 'Silveira Martins, 352 - Cabula, Salvador');
INSERT INTO farmacia(idfarm, descricao, estado, localizacao)	VALUES (8,'Drogaria Popular', 'BA', 'Sérgio de Carvalho, 26 - Federação, Salvador');
INSERT INTO farmacia(idfarm, descricao, estado, localizacao)	VALUES (9,'Drogasmil', 'RJ', 'São José, 40 - Centro, Rio de Janeiro');
INSERT INTO farmacia(idfarm, descricao, estado, localizacao)	VALUES (10,'Farmacia do Leme', 'RJ', 'Prado Júnior, 237 - Copacabana, Rio de Janeiro');
INSERT INTO tb_rating_farm(id_farm_2, rating_farm, id_farmnota, farm_id, user_id)	VALUES (1, 5, 1, 1, 1);
INSERT INTO tb_rating_farm(id_farm_2, rating_farm, id_farmnota, farm_id, user_id)	VALUES (2, 4, 1, 1, 1);
INSERT INTO tb_rating_farm(id_farm_2, rating_farm, id_farmnota, farm_id, user_id)	VALUES (3, 4, 2, 2, 1);
INSERT INTO tb_rating_farm(id_farm_2, rating_farm, id_farmnota, farm_id, user_id)	VALUES (4, 5, 3, 3, 1);
INSERT INTO tb_rating_farm(id_farm_2, rating_farm, id_farmnota, farm_id, user_id)	VALUES (5, 2, 4, 4, 1);
INSERT INTO tb_rating_farm(id_farm_2, rating_farm, id_farmnota, farm_id, user_id)	VALUES (6, 1, 5, 5, 1);
INSERT INTO tb_rating_farm(id_farm_2, rating_farm, id_farmnota, farm_id, user_id)	VALUES (7, 3, 6, 6, 1);
INSERT INTO tb_rating_farm(id_farm_2, rating_farm, id_farmnota, farm_id, user_id)	VALUES (8, 2, 7, 7, 1);
INSERT INTO tb_rating_farm(id_farm_2, rating_farm, id_farmnota, farm_id, user_id)	VALUES (9, 4, 8, 8, 1);
INSERT INTO tb_rating_farm(id_farm_2, rating_farm, id_farmnota, farm_id, user_id)	VALUES (10,5, 9, 9, 1);
INSERT INTO tb_rating_farm(id_farm_2, rating_farm, id_farmnota, farm_id, user_id)	VALUES (11,5, 10, 10, 1);